{"cameraMode":{"drawMode":0,"name":"Shaded","section":"Shading Mode"},"sceneLighting":true,"audioPlay":false,"sceneViewState":{"m_AlwaysRefresh":false,"showFog":true,"showSkybox":true,"showFlares":true,"showImageEffects":true,"showParticleSystems":true,"showVisualEffectGraphs":true,"m_FxEnabled":true},"in2DMode":false,"pivot":{"x":0.25482845306396487,"y":2.347745656967163,"z":-12.681906700134278},"rotation":{"x":-0.34426578879356387,"y":0.08069318532943726,"z":-0.029725918546319009,"w":-0.9349616765975952},"size":9.577712059020996,"orthographic":false}